[
  {
    "id": "905b95d3-abb0-4891-82e5-173787e7f8df",
    "data": [
      {
        "text": "chocolate",
        "meta": "@sys.any",
        "alias": "any",
        "userDefined": true
      }
    ],
    "isTemplate": false,
    "count": 0,
    "lang": "en",
    "updated": 0
  },
  {
    "id": "41627418-9ff6-4627-b2c1-5979147eca49",
    "data": [
      {
        "text": "momos",
        "meta": "@sys.any",
        "alias": "any",
        "userDefined": true
      }
    ],
    "isTemplate": false,
    "count": 0,
    "lang": "en",
    "updated": 0
  },
  {
    "id": "46b78f1b-06d2-4bf4-81ca-6e7aff4650ed",
    "data": [
      {
        "text": "cholebhature",
        "meta": "@sys.any",
        "alias": "any",
        "userDefined": true
      }
    ],
    "isTemplate": false,
    "count": 0,
    "lang": "en",
    "updated": 0
  },
  {
    "id": "c7c40943-f98c-4fde-96d2-5a35fe530d84",
    "data": [
      {
        "text": "samosha",
        "meta": "@sys.any",
        "alias": "any",
        "userDefined": true
      }
    ],
    "isTemplate": false,
    "count": 0,
    "lang": "en",
    "updated": 0
  },
  {
    "id": "55845a1f-b0cb-414a-9a29-7ff40218af2c",
    "data": [
      {
        "text": "soap",
        "meta": "@sys.any",
        "alias": "any",
        "userDefined": true
      }
    ],
    "isTemplate": false,
    "count": 0,
    "lang": "en",
    "updated": 0
  }
]