[
  {
    "id": "79a1a27c-c886-4a2b-9316-37df25aec4d5",
    "data": [
      {
        "text": "sweets and drinks",
        "userDefined": false
      }
    ],
    "isTemplate": false,
    "count": 0,
    "lang": "en",
    "updated": 0
  },
  {
    "id": "280ee571-100a-4eb1-9234-81a47955facd",
    "data": [
      {
        "text": "drinks",
        "userDefined": false
      }
    ],
    "isTemplate": false,
    "count": 0,
    "lang": "en",
    "updated": 0
  },
  {
    "id": "429cc683-6e7e-44b1-b58d-137615ccc88a",
    "data": [
      {
        "text": "sweets",
        "userDefined": false
      }
    ],
    "isTemplate": false,
    "count": 0,
    "lang": "en",
    "updated": 0
  }
]